Workbook

Sheet Sheet1
A1: Marks | E1: 1 | G1: 11 | I1: 10
A2: 10 | E2: 2 | G2: 12 | I2: 20
A3: 55 | B3: MEAN= | C3: =(A2+A3+A4+A5+A6+A7+A8+A9+A10+A11)/10 -> 54.9 | E3: 3 | G3: 11 | I3: 30
A4: 25 | E4: 4 | G4: 10 | I4: 40
A5: 45 | B5: AVG= | C5: =AVERAGE(A2:A11) -> 54.9 | E5: 10 | G5: 9 | I5: 50
A6: 22 | E6: 11 | G6: 8 | I6: 60
A7: 85 | B7: MEDIAN= | C7: =MEDIAN(A2:A11) -> 50 | E7: 7 | G7: 2 | I7: 70
A8: 80 | E8: 8 | G8: 1 | I8: 80
A9: 100 | E9: 9 | G9: 6 | I9: 90
A10: 99 | E10: 5 | G10: 7 | I10: 100
A11: 28 | E11: 6 | G11: 0 | J11: STD= | K11: =_xlfn.STDEV.S(I1:I10) -> 30.276504
D13: MEDIAN= | E13: =MEDIAN(E1:E11) -> 6 | F13: MODE= | G13: =MODE(G1:G11) -> 11 | J13: VAR= | K13: =_xlfn.VAR.S(I1:I10) -> 916.66667

Sheet Sheet2
A1: DATE | B1: PRODUCT | C1: QUANTITY | D1: AMOUNT | E1: Column1 | J1: DATE | K1: PRODUCT | L1: QUANTITY | M1: AMOUNT | N1: Column1 | P1: SUMIF | Q1: COUNTIF | R1: AVERIF
A2: 46326 | B2: BOOK | C2: 10 | D2: 320 | E2: =(Table1[[#This Row],[QUANTITY]]*Table1[[#This Row],[AMOUNT]]) -> 3200 | J2: 46326 | K2: BOOK | L2: 10 | M2: 320 | N2: =(Table1[[#This Row],[QUANTITY]]*Table1[[#This Row],[AMOUNT]]) -> 3200 | O2: =IF(N2>1000,"ACHIEVED","NOT ACHIEVED") -> ACHIEVED | P2: =SUMIF(K2:K7,K3,N2:N7) -> 4600 | Q2: =COUNTIF(K2:K7,K3) -> 2 | R2: =AVERAGEIF(K2:K7,K3,N2:N7) -> 2300
A3: 46288 | B3: PEN | C3: 22 | D3: 200 | E3: =(Table1[[#This Row],[QUANTITY]]*Table1[[#This Row],[AMOUNT]]) -> 4400 | J3: 46288 | K3: PEN | L3: 22 | M3: 200 | N3: =(Table1[[#This Row],[QUANTITY]]*Table1[[#This Row],[AMOUNT]]) -> 4400 | O3: =IF(N3>1000,"ACHIEVED","NOT ACHIEVED") -> ACHIEVED | R3: =AVERAGEIF(K2:K7,K5,N2:N7) -> 18000
A4: 46217 | B4: PENCIL | C4: 50 | D4: 115 | E4: =(Table1[[#This Row],[QUANTITY]]*Table1[[#This Row],[AMOUNT]]) -> 5750 | J4: 46217 | K4: PENCIL | L4: 50 | M4: 115 | N4: =(Table1[[#This Row],[QUANTITY]]*Table1[[#This Row],[AMOUNT]]) -> 5750 | O4: =IF(N4>1000,"ACHIEVED","NOT ACHIEVED") -> ACHIEVED | R4: =AVERAGEIF(K2:K8,K6,N2:N8) -> 4550
A5: 46159 | B5: ERASER | C5: 45 | D5: 400 | E5: =(Table1[[#This Row],[QUANTITY]]*Table1[[#This Row],[AMOUNT]]) -> 18000 | F5: MAX= | G5: =MAX(Table1[Column1]) -> 18000 | J5: 46159 | K5: ERASER | L5: 45 | M5: 400 | N5: =(Table1[[#This Row],[QUANTITY]]*Table1[[#This Row],[AMOUNT]]) -> 18000 | O5: =IF(N5>1000,"ACHIEVED","NOT ACHIEVED") -> ACHIEVED
A6: 46049 | B6: SCALE | C6: 41 | D6: 100 | E6: =(Table1[[#This Row],[QUANTITY]]*Table1[[#This Row],[AMOUNT]]) -> 4100 | F6: MIN= | G6: =MIN(Table1[Column1]) -> 3200 | J6: 46049 | K6: SCALE | L6: 41 | M6: 100 | N6: =(Table1[[#This Row],[QUANTITY]]*Table1[[#This Row],[AMOUNT]]) -> 4100 | O6: =IF(N6>1000,"ACHIEVED","NOT ACHIEVED") -> ACHIEVED
E7: =SUM(Table1[Column1]) -> 35450 | F7: COUNT | G7: =COUNT(Table1[Column1]) -> 5 | J7: 46288 | K7: PEN | L7: 22 | M7: 200 | N7: 200 | O7: =IF(N7>1000,"ACHIEVED","NOT ACHIEVED") -> NOT ACHIEVED
J8: 46049 | K8: SCALE | L8: 41 | M8: 100 | N8: 5000 | O8: =IF(N8>1000,"ACHIEVED","NOT ACHIEVED") -> ACHIEVED

Sheet Data_Analytics_Excel_Practice_D
A1: StudentID | B1: Name | C1: Course | D1: Batch | E1: Age | F1: Score | G1: IF | H1: COUNT | I1: SUM | J1: MIN | K1: MAX | L1: AVR | M1: MEDIAN | N1: MODE | O1: VAR | P1: STD | Q1: COUNTIF | R1: SUMIF | S1: AVRIF | T1: COUNTIF
A2: 1 | B2: Neha | C2: Excel | D2: A | E2: 26 | F2: 57 | G2: =IF(Data_Analytics_Excel_Practice_Dataset[[#This Row],[Score]]>=60,"PASS","FAIL") -> FAIL | H2: =COUNT(Data_Analytics_Excel_Practice_Dataset[StudentID]) -> 50 | I2: =SUM(Data_Analytics_Excel_Practice_Dataset[Score]) -> 3795 | J2: =MIN(Data_Analytics_Excel_Practice_Dataset[Score]) -> 50 | K2: =MAX(Data_Analytics_Excel_Practice_Dataset[Score]) -> 100 | L2: =AVERAGE(Data_Analytics_Excel_Practice_Dataset[Score]) -> 75.9 | M2: =MEDIAN(Data_Analytics_Excel_Practice_Dataset[Score]) -> 77 | N2: =MODE(Data_Analytics_Excel_Practice_Dataset[Score]) -> 51 | O2: =_xlfn.VAR.S(Data_Analytics_Excel_Practice_Dataset[Score]) -> 251.39796 | P2: =_xlfn.STDEV.S(Data_Analytics_Excel_Practice_Dataset[Score]) -> 15.855534 | Q2: =COUNTIF(Data_Analytics_Excel_Practice_Dataset[Course],C4) -> 17 | R2: =SUMIF(Data_Analytics_Excel_Practice_Dataset[Course],C3,Data_Analytics_Excel_Practice_Dataset[Score]) -> 1027 | S2: =AVERAGEIF(Data_Analytics_Excel_Practice_Dataset[Course],C5,Data_Analytics_Excel_Practice_Dataset[Score]) -> 75.4 | T2: =COUNTIF(Data_Analytics_Excel_Practice_Dataset[Batch],Data_Analytics_Excel_Practice_Dataset[[#This Row],[Batch]]) -> 16
A3: 2 | B3: Kiran | C3: Data Analytics | D3: B | E3: 30 | F3: 100 | G3: =IF(Data_Analytics_Excel_Practice_Dataset[[#This Row],[Score]]>=60,"PASS","FAIL") -> PASS
A4: 3 | B4: Arun | C4: Python | D4: B | E4: 18 | F4: 74 | G4: =IF(Data_Analytics_Excel_Practice_Dataset[[#This Row],[Score]]>=60,"PASS","FAIL") -> PASS
A5: 4 | B5: Anu | C5: Excel | D5: A | E5: 32 | F5: 67 | G5: =IF(Data_Analytics_Excel_Practice_Dataset[[#This Row],[Score]]>=60,"PASS","FAIL") -> PASS
A6: 5 | B6: Arun | C6: Excel | D6: A | E6: 28 | F6: 51 | G6: =IF(Data_Analytics_Excel_Practice_Dataset[[#This Row],[Score]]>=60,"PASS","FAIL") -> FAIL
A7: 6 | B7: Asha | C7: Python | D7: C | E7: 35 | F7: 50 | G7: =IF(Data_Analytics_Excel_Practice_Dataset[[#This Row],[Score]]>=60,"PASS","FAIL") -> FAIL
A8: 7 | B8: Anu | C8: Excel | D8: A | E8: 31 | F8: 96 | G8: =IF(Data_Analytics_Excel_Practice_Dataset[[#This Row],[Score]]>=60,"PASS","FAIL") -> PASS
A9: 8 | B9: Asha | C9: Excel | D9: A | E9: 32 | F9: 81 | G9: =IF(Data_Analytics_Excel_Practice_Dataset[[#This Row],[Score]]>=60,"PASS","FAIL") -> PASS
A10: 9 | B10: Meera | C10: Python | D10: B | E10: 25 | F10: 93 | G10: =IF(Data_Analytics_Excel_Practice_Dataset[[#This Row],[Score]]>=60,"PASS","FAIL") -> PASS
A11: 10 | B11: Arun | C11: Data Analytics | D11: B | E11: 18 | F11: 76 | G11: =IF(Data_Analytics_Excel_Practice_Dataset[[#This Row],[Score]]>=60,"PASS","FAIL") -> PASS
A12: 11 | B12: Meera | C12: Excel | D12: A | E12: 23 | F12: 90 | G12: =IF(Data_Analytics_Excel_Practice_Dataset[[#This Row],[Score]]>=60,"PASS","FAIL") -> PASS
A13: 12 | B13: Diya | C13: Python | D13: C | E13: 28 | F13: 96 | G13: =IF(Data_Analytics_Excel_Practice_Dataset[[#This Row],[Score]]>=60,"PASS","FAIL") -> PASS
A14: 13 | B14: Meera | C14: Data Analytics | D14: C | E14: 24 | F14: 69 | G14: =IF(Data_Analytics_Excel_Practice_Dataset[[#This Row],[Score]]>=60,"PASS","FAIL") -> PASS
... A51: 50 | B51: Asha | C51: Excel | D51: A | E51: 24 | F51: 86 | G51: =IF(Data_Analytics_Excel_Practice_Dataset[[#This Row],[Score]]>=60,"PASS","FAIL") -> PASS

Sheet FUNCTIONS
A1: 1 | B1: Neha | C1: Excel | D1: A | E1: 26 | F1: 57 | G1: IF | I1: COUNT | J1: SUM | K1: MIN | L1: MAX | M1: AVR | N1: MED | O1: MODE | P1: VAR | Q1: STD | R1: COUNTIF | S1: SUMIF | T1: AVRIF | U1: COUNTIF
A2: 2 | B2: Kiran | C2: Data Analytics | D2: B | E2: 30 | F2: 100 | G2: =IF(F2>=60,"PASS","FAIL") -> PASS | I2: =COUNT(A1:A50) -> 50 | J2: =SUM(FUNCTIONS!F1:F50) -> 3795 | K2: =MIN(F1:F50) -> 50 | L2: =MAX(F1:F50) -> 100 | M2: =AVERAGE(F1:F50) -> 75.9 | N2: =MEDIAN(F1:F50) -> 77 | O2: =MODE(F1:F50) -> 51 | P2: =_xlfn.VAR.S(F1:F50) -> 251.39796 | Q2: =_xlfn.STDEV.S(F1:F50) -> 15.855534 | R2: =COUNTIF(C1:C50,C3) -> 17 | S2: =SUMIF(C1:C50,C2,F1:F50) -> 1027 | T2: =AVERAGEIF(C1:C50,C1,F1:F50) -> 75.4 | U2: =COUNTIF(D1:D50,D50) -> 16
A3: 3 | B3: Arun | C3: Python | D3: B | E3: 18 | F3: 74 | G3: =IF(F3>=60,"PASS","FAIL") -> PASS
A4: 4 | B4: Anu | C4: Excel | D4: A | E4: 32 | F4: 67 | G4: =IF(F4>=60,"PASS","FAIL") -> PASS
A5: 5 | B5: Arun | C5: Excel | D5: A | E5: 28 | F5: 51 | G5: =IF(F5>=60,"PASS","FAIL") -> FAIL
A6: 6 | B6: Asha | C6: Python | D6: C | E6: 35 | F6: 50 | G6: =IF(F6>=60,"PASS","FAIL") -> FAIL
A7: 7 | B7: Anu | C7: Excel | D7: A | E7: 31 | F7: 96 | G7: =IF(F7>=60,"PASS","FAIL") -> PASS
A8: 8 | B8: Asha | C8: Excel | D8: A | E8: 32 | F8: 81 | G8: =IF(F8>=60,"PASS","FAIL") -> PASS
A9: 9 | B9: Meera | C9: Python | D9: B | E9: 25 | F9: 93 | G9: =IF(F9>=60,"PASS","FAIL") -> PASS
A10: 10 | B10: Arun | C10: Data Analytics | D10: B | E10: 18 | F10: 76 | G10: =IF(F10>=60,"PASS","FAIL") -> PASS
A11: 11 | B11: Meera | C11: Excel | D11: A | E11: 23 | F11: 90 | G11: =IF(F11>=60,"PASS","FAIL") -> PASS
A12: 12 | B12: Diya | C12: Python | D12: C | E12: 28 | F12: 96 | G12: =IF(F12>=60,"PASS","FAIL") -> PASS
A13: 13 | B13: Meera | C13: Data Analytics | D13: C | E13: 24 | F13: 69 | G13: =IF(F13>=60,"PASS","FAIL") -> PASS
A14: 14 | B14: Diya | C14: Excel | D14: B | E14: 34 | F14: 75 | G14: =IF(F14>=60,"PASS","FAIL") -> PASS
... A50: 50 | B50: Asha | C50: Excel | D50: A | E50: 24 | F50: 86 | G50: =IF(F50>=60,"PASS","FAIL") -> PASS

Sheet Sheet4
A1: FULL NAME | B1: CITY | C1: PHN NO. | D1: LEFT | E1: RIGHT | F1: MID | G1: lower | H1: UPPER | I1: PROPER
A2: KEERTHI M | B2: KOLLAM | C2: 9856214327 | D2: =LEFT(Table2[[#This Row],[FULL NAME]],3) -> KEE | E2: =RIGHT(Table2[[#This Row],[FULL NAME]],4) -> HI M | F2: =MID(Table2[[#This Row],[FULL NAME]],2,4) -> EERT | G2: =LOWER(Table2[[#This Row],[FULL NAME]]) -> keerthi m | H2: =UPPER(Table2[[#This Row],[CITY]]) -> KOLLAM | I2: =PROPER(Table2[[#This Row],[FULL NAME]]) -> Keerthi M
A3: RIYA R S | B3: KOCHI | C3: 9123584762 | D3: =LEFT(Table2[[#This Row],[FULL NAME]],3) -> RIY | E3: =RIGHT(Table2[[#This Row],[FULL NAME]],4) -> R S | F3: =MID(Table2[[#This Row],[FULL NAME]],2,4) -> IYA | G3: =LOWER(Table2[[#This Row],[FULL NAME]]) -> riya r s | H3: =UPPER(Table2[[#This Row],[CITY]]) -> KOCHI | I3: =PROPER(Table2[[#This Row],[FULL NAME]]) -> Riya R S
A4: KIRAN M | B4: TRIVANDRUM | C4: 9512714325 | D4: =LEFT(Table2[[#This Row],[FULL NAME]],3) -> KIR | E4: =RIGHT(Table2[[#This Row],[FULL NAME]],4) -> AN M | F4: =MID(Table2[[#This Row],[FULL NAME]],2,4) -> IRAN | G4: =LOWER(Table2[[#This Row],[FULL NAME]]) -> kiran m | H4: =UPPER(Table2[[#This Row],[CITY]]) -> TRIVANDRUM | I4: =PROPER(Table2[[#This Row],[FULL NAME]]) -> Kiran M
A5: DHIYA E | B5: KOZHIKODE | C5: 9875321568 | D5: =LEFT(Table2[[#This Row],[FULL NAME]],3) -> DHI | E5: =RIGHT(Table2[[#This Row],[FULL NAME]],4) -> YA E | F5: =MID(Table2[[#This Row],[FULL NAME]],2,4) -> HIYA | G5: =LOWER(Table2[[#This Row],[FULL NAME]]) -> dhiya e | H5: =UPPER(Table2[[#This Row],[CITY]]) -> KOZHIKODE | I5: =PROPER(Table2[[#This Row],[FULL NAME]]) -> Dhiya E
A6: RAHUL M | B6: ALAPPUZHA | C6: 9325679841 | D6: =LEFT(Table2[[#This Row],[FULL NAME]],3) -> RAH | E6: =RIGHT(Table2[[#This Row],[FULL NAME]],4) -> UL M | F6: =MID(Table2[[#This Row],[FULL NAME]],2,4) -> AHUL | G6: =LOWER(Table2[[#This Row],[FULL NAME]]) -> rahul m | H6: =UPPER(Table2[[#This Row],[CITY]]) -> ALAPPUZHA | I6: =PROPER(Table2[[#This Row],[FULL NAME]]) -> Rahul M
A7: priya k | B7: kayamkulam | C7: 9562143842 | D7: =LEFT(Table2[[#This Row],[FULL NAME]],3) -> pri | E7: =RIGHT(Table2[[#This Row],[FULL NAME]],4) -> ya k | F7: =MID(Table2[[#This Row],[FULL NAME]],2,4) -> riya | G7: =LOWER(Table2[[#This Row],[FULL NAME]]) -> priya k | H7: =UPPER(Table2[[#This Row],[CITY]]) -> KAYAMKULAM | I7: =PROPER(Table2[[#This Row],[FULL NAME]]) -> Priya K
A8: SUJA S | B8: kollam | C8: 9441464122 | D8: =LEFT(Table2[[#This Row],[FULL NAME]],3) -> SUJ | E8: =RIGHT(Table2[[#This Row],[FULL NAME]],4) -> JA S | F8: =MID(Table2[[#This Row],[FULL NAME]],2,4) -> UJA | G8: =LOWER(Table2[[#This Row],[FULL NAME]]) -> suja s | H8: =UPPER(Table2[[#This Row],[CITY]]) -> KOLLAM | I8: =PROPER(Table2[[#This Row],[FULL NAME]]) -> Suja S

Sheet sheet5
A1: FIRST NAME | B1: LAST NAME | C1: CITY CODE | D1: PHN NO. | E1: USERNAME | F1: PASSWORD
A2: =LEFT(Sheet4!A2, FIND(" ", Sheet4!A2) -1) -> KEERTHI | B2: =RIGHT(Sheet4!A2, LEN(Sheet4!A2) - FIND(" ", Sheet4!A2)) -> M | C2: =LEFT(Sheet4!B2,3) -> KOL | D2: =Sheet4!C2 -> 9856214327 | E2: =_xlfn.CONCAT(A2,"_",B2) -> KEERTHI_M | F2: =_xlfn.CONCAT(A2, RIGHT(D2,4)) -> KEERTHI4327
A3: =LEFT(Sheet4!A3, FIND(" ", Sheet4!A3) -1) -> RIYA | B3: =RIGHT(Sheet4!A3, LEN(Sheet4!A3) - FIND(" ", Sheet4!A3)) -> R S | C3: =LEFT(Sheet4!B3,3) -> KOC | D3: =Sheet4!C3 -> 9123584762 | E3: =_xlfn.CONCAT(A3, "_", B3) -> RIYA_R S | F3: =_xlfn.CONCAT(A3, RIGHT(D3,4)) -> RIYA4762
A4: =LEFT(Sheet4!A4, FIND(" ", Sheet4!A4) -1) -> KIRAN | B4: =RIGHT(Sheet4!A4, LEN(Sheet4!A4) - FIND(" ", Sheet4!A4)) -> M | C4: =LEFT(Sheet4!B4,3) -> TRI | D4: =Sheet4!C4 -> 9512714325 | E4: =_xlfn.CONCAT(A4, "_", B4) -> KIRAN_M | F4: =_xlfn.CONCAT(A4, RIGHT(D4,4)) -> KIRAN4325
A5: =LEFT(Sheet4!A5, FIND(" ", Sheet4!A5) -1) -> DHIYA | B5: =RIGHT(Sheet4!A5, LEN(Sheet4!A5) - FIND(" ", Sheet4!A5)) -> E | C5: =LEFT(Sheet4!B5,3) -> KOZ | D5: =Sheet4!C5 -> 9875321568 | E5: =_xlfn.CONCAT(A5, "_", B5) -> DHIYA_E | F5: =_xlfn.CONCAT(A5, RIGHT(D5,4)) -> DHIYA1568
A6: =LEFT(Sheet4!A6, FIND(" ", Sheet4!A6) -1) -> RAHUL | B6: =RIGHT(Sheet4!A6, LEN(Sheet4!A6) - FIND(" ", Sheet4!A6)) -> M | C6: =LEFT(Sheet4!B6,3) -> ALA | D6: =Sheet4!C6 -> 9325679841 | E6: =_xlfn.CONCAT(A6, "_", B6) -> RAHUL_M | F6: =_xlfn.CONCAT(A6, RIGHT(D6,4)) -> RAHUL9841

Sheet Sheet6
A1: FIRST NAME | B1: LAST NAME | C1: CITY CODE | D1: PHN NO. | E1: USERNAME | F1: PASSWORD
A2: KEERTHI | B2: M | C2: KOLL | D2: 9856214327 | E2: KEERTHI_M | F2: KEERTHI4327
A3: RIYA | B3: R S | C3: KOCH | D3: 9123584762 | E3: RIYA_R S | F3: RIYA4762
A4: KIRAN | B4: M | C4: TRIV | D4: 9512714325 | E4: KIRAN_M | F4: KIRAN4325
A5: DHIYA | B5: E | C5: KOZH | D5: 9875321568 | E5: DHIYA_E | F5: DHIYA1568
A6: RAHUL | B6: M | C6: ALAP | D6: 9325679841 | E6: RAHUL_M | F6: RAHUL9841
A7: priya | B7: k | C7: kaya | D7: 9562143842 | E7: priya_k | F7: priya3842
A8: SUJA | B8: S | C8: koll | D8: 9441464122 | E8: SUJA_S | F8: SUJA4122
