Workbook

Sheet Sheet1
A1: product id | B1: product | C1: supplier | D1: price | E1: stock | F1: warehouse | H1: PRODUCT | I1: PRODUCTID | J1: PRICE | K1: STOCK | L1: WAREHOUSE | M1: =VLOOKUP(H2,Table1[[#All],[product]:[warehouse]],3,FALSE) -> 12500
A2: P101 | B2: LAPTOP | C2: DELL | D2: 55000 | E2: 18 | F2: A | H2: MONITOR | I2: P104 | J2: =VLOOKUP(I2,Table1[#All],4,FALSE) -> 12500 | K2: =VLOOKUP(I2,Table1[#All],5,FALSE) -> 25 | L2: C
A3: P102 | B3: MOUSE | C3: LOGITECH | D3: 900 | E3: 120 | F3: B | H3: WRBCAM | I3: P106 | J3: =VLOOKUP(I3,Table1[#All],4,FALSE) -> 2400 | K3: =VLOOKUP(I3,Table1[#All],5,FALSE) -> 45 | L3: C
A4: P103 | B4: KEYBOARD | C4: LOGITECH | D4: 1800 | E4: 65 | F4: A | N4: LIMITATION-ONLY LEFT TO RIGH
A5: P104 | B5: MONITOR | C5: SAMSUNG | D5: 12500 | E5: 25 | F5: C
A6: P105 | B6: PRINTER | C6: HP | D6: 9800 | E6: 12 | F6: B | J6: VLOOKUP
A7: P106 | B7: WEBCAM | C7: LOGITECH | D7: 2400 | E7: 45 | F7: C
A11: PRODUCT ID | B11: P101 | C11: P102 | D11: P103 | E11: P104 | F11: P105 | H11: PRODUCTID | I11: PRICE
A12: PRICE | B12: 55000 | C12: 900 | D12: 1800 | E12: 12500 | F12: 9800 | H12: P103 | I12: =HLOOKUP(H12,$A$11:$F$12,2,FALSE) -> 1800 | N12: LIMITATIONS-ONLY TOP TO BOTTOM
H13: P105 | I13: =HLOOKUP(H13,$A$11:$F$12,2,FALSE) -> 9800
H16: HLOOKUP
A19: product id | B19: product | C19: supplier | D19: price | E19: stock | F19: warehouse | H19: PRODUCTID | I19: PRICE | J19: WAREHOUSE
A20: P101 | B20: LAPTOP | C20: DELL | D20: 55000 | E20: 18 | F20: A | H20: P104 | I20: =_xlfn.XLOOKUP(H20,Table1[product id],Table1[price],"PRODUCT NOT FOUND",0) -> 12500 | J20: =_xlfn.XLOOKUP(H20,Table1[product id],Table1[warehouse]) -> C
A21: P102 | B21: MOUSE | C21: LOGITECH | D21: 900 | E21: 120 | F21: B | H21: P106 | I21: =_xlfn.XLOOKUP(H21,Table1[product id],Table1[price],) -> 2400 | J21: =_xlfn.XLOOKUP(H21,Table1[product id],Table1[warehouse]) -> C
A22: P103 | B22: KEYBOARD | C22: LOGITECH | D22: 1800 | E22: 65 | F22: A | H22: P107 | I22: =_xlfn.XLOOKUP(H22,Table1[product id],Table1[price],"PRODUCT NOT FOUND",0) -> PRODUCT NOT FOUND | J22: =_xlfn.XLOOKUP(H22,Table1[product id],Table1[warehouse],"NOT FOUND",0) -> NOT FOUND
A23: P104 | B23: MONITOR | C23: SAMSUNG | D23: 12500 | E23: 25 | F23: C
A24: P105 | B24: PRINTER | C24: HP | D24: 9800 | E24: 12 | F24: B | I24: XLOOKUP
A25: P106 | B25: WEBCAM | C25: LOGITECH | D25: 2400 | E25: 45 | F25: C
A29: ROLL NO | B29: NAME | C29: SUBJECT | D29: MARKS | H29: MATCH | J29: INDEX | L29: MATCH+INDEX
A30: 101 | B30: ANITA | C30: MATH | D30: 85 | H30: =MATCH(Table4[[#This Row],[ROLL NO]],Table4[ROLL NO],0) -> 1 | J30: =INDEX(Table4[MARKS],2) -> 75 | L30: =INDEX(Table4[MARKS],MATCH(A32,Table4[ROLL NO],0)) -> 90
A31: 102 | B31: RAHUL | C31: SCIENCE | D31: 75 | H31: =MATCH(Table4[[#This Row],[ROLL NO]],Table4[ROLL NO],0) -> 2 | J31: =INDEX(Table4[SUBJECT],2) -> SCIENCE
A32: 103 | B32: MAYA | C32: ENGLISH | D32: 90 | H32: =MATCH(A33,Table4[ROLL NO],0) -> 4
A33: 104 | B33: JOHN | C33: MATH | D33: 65

Sheet Sheet2
A1: PRODUCT NAME | B1: PRICE
A2: LAPTOP | B2: {=IFERROaR(VLOOKUP(A2:A1000, Sheet1!B:D, 3, FALSE), "")} -> #NAME?
B5: =_xlfn.XLOOKUP(A4,Sheet1!$B$2:$B$7,Sheet1!$D$2:$D$7,"")
B6: =_xlfn.XLOOKUP(A5,Sheet1!$B$2:$B$7,Sheet1!$D$2:$D$7,"")
B7: =_xlfn.XLOOKUP(A6,Sheet1!$B$2:$B$7,Sheet1!$D$2:$D$7,"")
B8: =_xlfn.XLOOKUP(A7,Sheet1!$B$2:$B$7,Sheet1!$D$2:$D$7,"")

Sheet Sheet4
A1: product id | B1: product | C1: supplier | D1: price | E1: stock | F1: warehouse
A2: P101 | B2: LAPTOP | C2: DELL | D2: 55000 | E2: 18 | F2: A
A3: P102 | B3: MOUSE | C3: LOGITECH | D3: 900 | E3: 120 | F3: B
A4: P103 | B4: KEYBOARD | C4: LOGITECH | D4: 1800 | E4: 65 | F4: A
A5: P104 | B5: MONITOR | C5: SAMSUNG | D5: 12500 | E5: 25 | F5: C
A6: P105 | B6: PRINTER | C6: HP | D6: 9800 | E6: 12 | F6: B
A7: P106 | B7: WEBCAM | C7: LOGITECH | D7: 2400 | E7: 45 | F7: C
