Workbook

Sheet Data_Analytics_Excel_Practice_D
A1: StudentID | B1: Name | C1: Course | D1: Batch | E1: Age | F1: Score | G1: if | H1: mean | I1: median | J1: mode | K1: std | L1: var | M1: sumif | N1: countif | O1: averageif | P1: sum | Q1: max | R1: min | S1: count
A2: 1 | B2: Neha | C2: Excel | D2: A | E2: 26 | F2: 57 | G2: =IF(Data_Analytics_Excel_Practice_Dataset[[#This Row],[Score]]>=50,"pass","fail") -> pass | H2: =AVERAGE(Data_Analytics_Excel_Practice_Dataset[Score]) -> 75.9 | I2: =MEDIAN(Data_Analytics_Excel_Practice_Dataset[Score]) -> 77 | J2: =MODE(Data_Analytics_Excel_Practice_Dataset[Score]) -> 51 | K2: =_xlfn.STDEV.S(Data_Analytics_Excel_Practice_Dataset[Score]) -> 15.855534 | L2: =_xlfn.VAR.S(Data_Analytics_Excel_Practice_Dataset[Score]) -> 251.39796 | M2: =SUMIF(Data_Analytics_Excel_Practice_Dataset[Course],C3,Data_Analytics_Excel_Practice_Dataset[Score]) -> 1027 | N2: =COUNTIF(Data_Analytics_Excel_Practice_Dataset[Course],Data_Analytics_Excel_Practice_Dataset[[#This Row],[Course]]) -> 20 | O2: =AVERAGEIF(Data_Analytics_Excel_Practice_Dataset[Batch],Data_Analytics_Excel_Practice_Dataset[[#This Row],[Batch]],Data_Analytics_Excel_Practice_Dataset[Score]) -> 76.1875 | P2: =SUM(Data_Analytics_Excel_Practice_Dataset[Score]) -> 3795 | Q2: =MAX(Data_Analytics_Excel_Practice_Dataset[Score]) -> 100 | R2: =MIN(Data_Analytics_Excel_Practice_Dataset[Score]) -> 50 | S2: =COUNT(Data_Analytics_Excel_Practice_Dataset[Age]) -> 50
A3: 2 | B3: Kiran | C3: Data Analytics | D3: B | E3: 30 | F3: 100 | G3: =IF(Data_Analytics_Excel_Practice_Dataset[[#This Row],[Score]]>=50,"pass","fail") -> pass
A4: 3 | B4: Arun | C4: Python | D4: B | E4: 18 | F4: 74 | G4: =IF(Data_Analytics_Excel_Practice_Dataset[[#This Row],[Score]]>=50,"pass","fail") -> pass
A5: 4 | B5: Anu | C5: Excel | D5: A | E5: 32 | F5: 67 | G5: =IF(Data_Analytics_Excel_Practice_Dataset[[#This Row],[Score]]>=50,"pass","fail") -> pass
A6: 5 | B6: Arun | C6: Excel | D6: A | E6: 28 | F6: 51 | G6: =IF(Data_Analytics_Excel_Practice_Dataset[[#This Row],[Score]]>=50,"pass","fail") -> pass
A7: 6 | B7: Asha | C7: Python | D7: C | E7: 35 | F7: 50 | G7: =IF(Data_Analytics_Excel_Practice_Dataset[[#This Row],[Score]]>=50,"pass","fail") -> pass
A8: 7 | B8: Anu | C8: Excel | D8: A | E8: 31 | F8: 96 | G8: =IF(Data_Analytics_Excel_Practice_Dataset[[#This Row],[Score]]>=50,"pass","fail") -> pass
A9: 8 | B9: Asha | C9: Excel | D9: A | E9: 32 | F9: 81 | G9: =IF(Data_Analytics_Excel_Practice_Dataset[[#This Row],[Score]]>=50,"pass","fail") -> pass
A10: 9 | B10: Meera | C10: Python | D10: B | E10: 25 | F10: 93 | G10: =IF(Data_Analytics_Excel_Practice_Dataset[[#This Row],[Score]]>=50,"pass","fail") -> pass
A11: 10 | B11: Arun | C11: Data Analytics | D11: B | E11: 18 | F11: 76 | G11: =IF(Data_Analytics_Excel_Practice_Dataset[[#This Row],[Score]]>=50,"pass","fail") -> pass
A12: 11 | B12: Meera | C12: Excel | D12: A | E12: 23 | F12: 90 | G12: =IF(Data_Analytics_Excel_Practice_Dataset[[#This Row],[Score]]>=50,"pass","fail") -> pass
A13: 12 | B13: Diya | C13: Python | D13: C | E13: 28 | F13: 96 | G13: =IF(Data_Analytics_Excel_Practice_Dataset[[#This Row],[Score]]>=50,"pass","fail") -> pass
A14: 13 | B14: Meera | C14: Data Analytics | D14: C | E14: 24 | F14: 69 | G14: =IF(Data_Analytics_Excel_Practice_Dataset[[#This Row],[Score]]>=50,"pass","fail") -> pass
... A51: 50 | B51: Asha | C51: Excel | D51: A | E51: 24 | F51: 86 | G51: =IF(Data_Analytics_Excel_Practice_Dataset[[#This Row],[Score]]>=50,"pass","fail") -> pass

Sheet Sheet1
A1: Name | B1: code | C1: place | G1: LEFT | H1: RIGHT | I1: PROPER | J1: MID | K1: UPPER | L1: LOWER
A2: keerthi m | B2: 9856 | C2: VISHAKAPATNAM | G2: =LEFT(A2,4) -> keer | H2: =RIGHT(A2,3) -> i m | I2: =PROPER(A2) -> Keerthi M | J2: =MID(A2,2,5) -> eerth | K2: =UPPER(A2) -> KEERTHI M | L2: =LOWER(A2) -> keerthi m
A3: riya r s | B3: 5236 | C3: HYDERABAD | G3: =LEFT(A3,4) -> riya | H3: =RIGHT(A3,3) -> r s | I3: =PROPER(A3) -> Riya R S | J3: =MID(A3,2,5) -> iya r | K3: =UPPER(A3) -> RIYA R S | L3: =LOWER(A3) -> riya r s
A4: dhiya e | B4: 4456 | C4: KOCHI | G4: =LEFT(A4,4) -> dhiy | H4: =RIGHT(A4,3) -> a e | I4: =PROPER(A4) -> Dhiya E | J4: =MID(A4,2,5) -> hiya | K4: =UPPER(A4) -> DHIYA E | L4: =LOWER(A4) -> dhiya e
A5: rithu m | B5: 1111 | C5: CHENNAI | G5: =LEFT(A5,4) -> rith | H5: =RIGHT(A5,3) -> u m | I5: =PROPER(A5) -> Rithu M | J5: =MID(A5,2,5) -> ithu | K5: =UPPER(A5) -> RITHU M | L5: =LOWER(A5) -> rithu m
A6: amitha girish | B6: 7456 | C6: BANGLOUR | G6: =LEFT(A6,4) -> amit | H6: =RIGHT(A6,3) -> ish | I6: =PROPER(A6) -> Amitha Girish | J6: =MID(A6,2,5) -> mitha | K6: =UPPER(A6) -> AMITHA GIRISH | L6: =LOWER(A6) -> amitha girish
A7: devika v nair | B7: 2569 | C7: SARJAPUR | G7: =LEFT(A7,4) -> devi | H7: =RIGHT(A7,3) -> air | I7: =PROPER(A7) -> Devika V Nair | J7: =MID(A7,2,5) -> evika | K7: =UPPER(A7) -> DEVIKA V NAIR | L7: =LOWER(A7) -> devika v nair
A8: sooraj s p | B8: 7458 | C8: HOZUR | G8: =LEFT(A8,4) -> soor | H8: =RIGHT(A8,3) -> s p | I8: =PROPER(A8) -> Sooraj S P | J8: =MID(A8,2,5) -> ooraj | K8: =UPPER(A8) -> SOORAJ S P | L8: =LOWER(A8) -> sooraj s p
A9: gokul nath c s | B9: 5682 | C9: VIJAYWADA | G9: =LEFT(A9,4) -> goku | H9: =RIGHT(A9,3) -> c s | I9: =PROPER(A9) -> Gokul Nath C S | J9: =MID(A9,2,5) -> okul | K9: =UPPER(A9) -> GOKUL NATH C S | L9: =LOWER(A9) -> gokul nath c s
A10: sruthi m r | B10: 4526 | C10: tripur

Sheet Sheet2
A1: FIRST NAME | B1: LAST NAME | C1: CODE | D1: USERNAME | E1: PASSWORD
A2: =LEFT(Sheet1!A2, FIND(" ",Sheet1!A2)-1) -> keerthi | B2: =RIGHT(Sheet1!A2, LEN(Sheet1!A2) - FIND(" ", Sheet1!A2)) -> m | C2: =Sheet1!B2 -> 9856 | D2: =_xlfn.CONCAT(A2,"_",C2) -> keerthi_9856 | E2: =_xlfn.CONCAT(A2,RIGHT(C2,4)) -> keerthi9856
A3: =LEFT(Sheet1!A3, FIND(" ",Sheet1!A3)-1) -> riya | B3: =RIGHT(Sheet1!A3, LEN(Sheet1!A3) - FIND(" ", Sheet1!A3)) -> r s | C3: =Sheet1!B3 -> 5236 | D3: =_xlfn.CONCAT(A3,"_",C3) -> riya_5236 | E3: =_xlfn.CONCAT(A3,RIGHT(C3,4)) -> riya5236
A4: =LEFT(Sheet1!A4, FIND(" ",Sheet1!A4)-1) -> dhiya | B4: =RIGHT(Sheet1!A4, LEN(Sheet1!A4) - FIND(" ", Sheet1!A4)) -> e | C4: =Sheet1!B4 -> 4456 | D4: =_xlfn.CONCAT(A4,"_",C4) -> dhiya_4456 | E4: =_xlfn.CONCAT(A4,RIGHT(C4,4)) -> dhiya4456
A5: =LEFT(Sheet1!A5, FIND(" ",Sheet1!A5)-1) -> rithu | B5: =RIGHT(Sheet1!A5, LEN(Sheet1!A5) - FIND(" ", Sheet1!A5)) -> m | C5: =Sheet1!B5 -> 1111 | D5: =_xlfn.CONCAT(A5,"_",C5) -> rithu_1111 | E5: =_xlfn.CONCAT(A5,RIGHT(C5,4)) -> rithu1111
A6: =LEFT(Sheet1!A6, FIND(" ",Sheet1!A6)-1) -> amitha | B6: =RIGHT(Sheet1!A6, LEN(Sheet1!A6) - FIND(" ", Sheet1!A6)) -> girish | C6: =Sheet1!B6 -> 7456 | D6: =_xlfn.CONCAT(A6,"_",C6) -> amitha_7456 | E6: =_xlfn.CONCAT(A6,RIGHT(C6,4)) -> amitha7456
A7: =LEFT(Sheet1!A7, FIND(" ",Sheet1!A7)-1) -> devika | B7: =RIGHT(Sheet1!A7, LEN(Sheet1!A7) - FIND(" ", Sheet1!A7)) -> v nair | C7: =Sheet1!B7 -> 2569 | D7: =_xlfn.CONCAT(A7,"_",C7) -> devika_2569 | E7: =_xlfn.CONCAT(A7,RIGHT(C7,4)) -> devika2569
A8: =LEFT(Sheet1!A8, FIND(" ",Sheet1!A8)-1) -> sooraj | B8: =RIGHT(Sheet1!A8, LEN(Sheet1!A8) - FIND(" ", Sheet1!A8)) -> s p | C8: =Sheet1!B8 -> 7458 | D8: =_xlfn.CONCAT(A8,"_",C8) -> sooraj_7458 | E8: =_xlfn.CONCAT(A8,RIGHT(C8,4)) -> sooraj7458
A9: =LEFT(Sheet1!A9, FIND(" ",Sheet1!A9)-1) -> gokul | B9: =RIGHT(Sheet1!A9, LEN(Sheet1!A9) - FIND(" ", Sheet1!A9)) -> nath c s | C9: =Sheet1!B9 -> 5682 | D9: =_xlfn.CONCAT(A9,"_",C9) -> gokul_5682 | E9: =_xlfn.CONCAT(A9,RIGHT(C9,4)) -> gokul5682
E10: =_xlfn.CONCAT(A10,RIGHT(C10,4))

Sheet Sheet3
A1: FIRST NAME | B1: LAST NAME | C1: CODE | D1: USERNAME | E1: PASSWORD
A2: keerthi | B2: m | C2: 9856 | D2: keerthi_9856 | E2: keerthi9856
A3: riya | B3: r s | C3: 5236 | D3: riya_5236 | E3: riya5236
A4: dhiya | B4: e | C4: 4456 | D4: dhiya_4456 | E4: dhiya4456
A5: rithu | B5: m | C5: 1111 | D5: rithu_1111 | E5: rithu1111
A6: amitha | B6: girish | C6: 7456 | D6: amitha_7456 | E6: amitha7456
A7: devika | B7: v nair | C7: 2569 | D7: devika_2569 | E7: devika2569
A8: sooraj | B8: s p | C8: 7458 | D8: sooraj_7458 | E8: sooraj7458
A9: gokul | B9: nath c s | C9: 5682 | D9: gokul_5682 | E9: gokul5682

Sheet Sheet4
A1: FIRST NAME | B1: LAST NAME | C1: PHN NO. | D1: place | E1: CON CODE | F1: USERNAME | G1: Password
A2: keerthi | B2: m | C2: 9856 | D2: VISHAKAPATNAM | E2: VISH | F2: keerthi_m | G2: keerthi856
A3: riya | B3: r s | C3: 5236 | D3: HYDERABAD | E3: HYDE | F3: riya_r s | G3: riya236
A4: dhiya | B4: e | C4: 4456 | D4: KOCHI | E4: KOCH | F4: dhiya_e | G4: dhiya456
A5: rithu | B5: m | C5: 1111 | D5: CHENNAI | E5: CHEN | F5: rithu_m | G5: rithu111
A6: amitha | B6: girish | C6: 7456 | D6: BANGLOUR | E6: BANG | F6: amitha_girish | G6: amitha456
A7: devika | B7: v nair | C7: 2569 | D7: SARJAPUR | E7: SARJ | F7: devika_v nair | G7: devika569
A8: sooraj | B8: s p | C8: 7458 | D8: HOZUR | E8: HOZU | F8: sooraj_s p | G8: sooraj458
A9: gokul | B9: nath c s | C9: 5682 | D9: VIJAYWADA | E9: VIJA | F9: gokul_nath c s | G9: gokul682
A10: sruthi | B10: m r | C10: 4526 | D10: tripur | E10: trip | F10: sruthi_m r | G10: sruthi526
J11: select a cell - data- get data from table
J12: to split the names, select the coloumn- split-ok
J13: to exctract, select the coloumn- extract- first char- number- ok
J14: to merge, select 2 coloumns- merge-custom-ok
J15: new coloumn, custom coloum-name- syntax=first name&text.end(text.from([name]), 3)- ok
J16: close and load- existing sheet-cell name
